keyword,title,snippet,excerpt,url,domain,position,text,cluster
university al madina international malaysia,Al-Madinah International University – Your Gateway To ...,Copyright © 2025 Al - Madinah International University ( Malaysia ) Sdn. Bhd. 200501028218 (710353-P) DU017(B). All Rights Reserved. Ministry of Higher Education ...,Copyright © 2025 Al - Madinah International University ( Malaysia ) Sdn. Bhd. 200501028218 (710353-P) DU017(B). All Rights Reserved.,https://www.mediu.edu.my/,mediu.edu.my,1,Al-Madinah International University – Your Gateway To ... Copyright © 2025 Al - Madinah International University ( Malaysia ) Sdn. Bhd. 200501028218 (710353-P) DU017(B). All Rights Reserved. Ministry of Higher Education ...,2
university al madina international malaysia,Al-Madinah International University – Your Gateway To ...,Copyright © 2025 Al - Madinah International University ( Malaysia ) Sdn. Bhd. 200501028218 (710353-P) DU017(B). All Rights Reserved. Ministry of Higher Education ...,Copyright © 2025 Al - Madinah International University ( Malaysia ) Sdn. Bhd. 200501028218 (710353-P) DU017(B). All Rights Reserved.,https://www.mediu.edu.my/,mediu.edu.my,2,Al-Madinah International University – Your Gateway To ... Copyright © 2025 Al - Madinah International University ( Malaysia ) Sdn. Bhd. 200501028218 (710353-P) DU017(B). All Rights Reserved. Ministry of Higher Education ...,2
university al madina international malaysia,Al-Madinah International University – Your Gateway To ...,Copyright © 2025 Al - Madinah International University ( Malaysia ) Sdn. Bhd. 200501028218 (710353-P) DU017(B). All Rights Reserved. Ministry of Higher Education ...,Copyright © 2025 Al - Madinah International University ( Malaysia ) Sdn. Bhd. 200501028218 (710353-P) DU017(B). All Rights Reserved.,https://www.mediu.edu.my/,mediu.edu.my,3,Al-Madinah International University – Your Gateway To ... Copyright © 2025 Al - Madinah International University ( Malaysia ) Sdn. Bhd. 200501028218 (710353-P) DU017(B). All Rights Reserved. Ministry of Higher Education ...,2
university al madina international malaysia,Al-Madinah International University,It is one of the top five online universities in Malaysia . MEDIU offers academic programs on campus and online.,It is one of the top five online universities in Malaysia . MEDIU offers academic programs on campus and online.,https://en.wikipedia.org/wiki/Al-Madinah_International_University,en.wikipedia.org,4,Al-Madinah International University It is one of the top five online universities in Malaysia . MEDIU offers academic programs on campus and online.,1
university al madina international malaysia,15 Best Universities in Malaysia for International Students (2026 Guide),,15 Best Universities in Malaysia for International Students (2026 Guide),https://www.easyuni.com/advice/universities-in-malaysia-for-international-students-3122/,easyuni.com,5,15 Best Universities in Malaysia for International Students (2026 Guide),0
university al madina international malaysia,15 Best Universities in Malaysia for International Students (2026 Guide),,15 Best Universities in Malaysia for International Students (2026 Guide),https://www.easyuni.com/advice/universities-in-malaysia-for-international-students-3122/,easyuni.com,6,15 Best Universities in Malaysia for International Students (2026 Guide),0
university al madina international malaysia,15 Best Universities in Malaysia for International Students (2026 Guide),,15 Best Universities in Malaysia for International Students (2026 Guide),https://www.easyuni.com/advice/universities-in-malaysia-for-international-students-3122/,easyuni.com,7,15 Best Universities in Malaysia for International Students (2026 Guide),0
university al madina international malaysia,15 Best Universities in Malaysia for International Students (2026 Guide),,15 Best Universities in Malaysia for International Students (2026 Guide),https://www.easyuni.com/advice/universities-in-malaysia-for-international-students-3122/,easyuni.com,8,15 Best Universities in Malaysia for International Students (2026 Guide),0
university al madina international malaysia,15 Best Universities in Malaysia for International Students (2026 Guide),,15 Best Universities in Malaysia for International Students (2026 Guide),https://www.easyuni.com/advice/universities-in-malaysia-for-international-students-3122/,easyuni.com,9,15 Best Universities in Malaysia for International Students (2026 Guide),0
university al madina international malaysia,Al-Madinah International University - Wikipedia,,Al-Madinah International University - Wikipedia,"https://en.wikipedia.org/wiki/Al-Madinah_International_University#:~:text=MEDIU%20is%20licensed%20by%20the,with%20international%20level%20of%20excellence.",en.wikipedia.org,10,Al-Madinah International University - Wikipedia,1
university al madina international malaysia,Al-Madinah International University - Wikipedia,,Al-Madinah International University - Wikipedia,"https://en.wikipedia.org/wiki/Al-Madinah_International_University#:~:text=MEDIU%20is%20licensed%20by%20the,with%20international%20level%20of%20excellence.",en.wikipedia.org,11,Al-Madinah International University - Wikipedia,1
university al madina international malaysia,Al-Madinah International University - Wikipedia,,Al-Madinah International University - Wikipedia,"https://en.wikipedia.org/wiki/Al-Madinah_International_University#:~:text=MEDIU%20is%20licensed%20by%20the,with%20international%20level%20of%20excellence.",en.wikipedia.org,12,Al-Madinah International University - Wikipedia,1
university al madina international malaysia,Al-Madinah International University - Wikipedia,,Al-Madinah International University - Wikipedia,"https://en.wikipedia.org/wiki/Al-Madinah_International_University#:~:text=MEDIU%20is%20licensed%20by%20the,with%20international%20level%20of%20excellence.",en.wikipedia.org,13,Al-Madinah International University - Wikipedia,1
university al madina international malaysia,The CEO of Al-Madinah International University Honors Outstanding ...,,The CEO of Al-Madinah International University Honors Outstanding ...,"https://www.mediu.edu.my/ceo-of-al-madinah-international-university-honors-outstanding-employees/#:~:text=On%20Thursday%2C%20August%2029%2C%202024,outside%20of%20Malaysia%20via%20Zoom.",mediu.edu.my,14,The CEO of Al-Madinah International University Honors Outstanding ...,3
university al madina international malaysia,The CEO of Al-Madinah International University Honors Outstanding ...,,The CEO of Al-Madinah International University Honors Outstanding ...,"https://www.mediu.edu.my/ceo-of-al-madinah-international-university-honors-outstanding-employees/#:~:text=On%20Thursday%2C%20August%2029%2C%202024,outside%20of%20Malaysia%20via%20Zoom.",mediu.edu.my,15,The CEO of Al-Madinah International University Honors Outstanding ...,3
